{
  "sample_size": 500,
  "seed": 314159,
  "values": [
    0.7336528444914161,
    0.8963976416309654,
    0.5948410420665011,
    0.3198823418588107,
    0.5049864772856292,
    0.1630209408112755,
    0.8626555796472279,
    0.23677504335202537,
    0.6267928552831383,
    0.027158961988479446,
    0.06572016668611336,
    0.9256716994001646,
    0.9580588249647398,
    0.24094113228731573,
    0.6338185643703479,
    0.9855524114850592,
    0.8876697404977518,
    0.1350976338700982,
    0.404121478651274,
    0.6108746259648268,
    0.577174008107632,
    0.3957100540286168,
    0.812252909651163,
    0.2277679386852668,
    0.8999704827919977,
    0.4015925036034781,
    0.5190581537751766,
    0.7454950728122695,
    0.1428966690005411,
    0.7996952633480351,
    0.40723128925086793,
    0.06856515219520087,
    0.11428603048379926,
    0.08309130135041709,
    0.053176219261406255,
    0.6399327118153205,
    0.6696798417857149,
    0.7457972255907063,
    0.7463248846877845,
    0.6533703471943393,
    0.4129315643989596,
    0.2837448122287568,
    0.2496378870302015,
    0.6937455682632829,
    0.32644174213375277,
    0.4173219576689563,
    0.28214460772682837,
    0.5391851964734798,
    0.28134497164419503,
    0.6421464356391083,
    0.2638887246540983,
    0.5166328937660162,
    0.6556992915134616,
    0.9567447239229973,
    0.39840336441761626,
    0.25101155362727345,
    0.05806842508224086,
    0.7001717793920084,
    0.18819592190487833,
    0.6428429390562277,
    0.5362348380918045,
    0.29421905547555094,
    0.397288782321348,
    0.8678697893565053,
    0.9332608624880375,
    0.02181460297449611,
    0.8466625380966192,
    0.2093465200392336,
    0.8106401635748521,
    0.2898304186667845,
    0.030178364043974004,
    0.579034038653061,
    0.4321879555191097,
    0.8404707194012899,
    0.5543378515935745,
    0.7697679622023437,
    0.40246246358999804,
    0.6424888142193113,
    0.4186661771816095,
    0.34145412983204326,
    0.6067184136234625,
    0.8248284832956311,
    0.4845500635532348,
    0.8177408657336303,
    0.7699283300824031,
    0.2477323320522904,
    0.4446943539276961,
    0.6125369297674572,
    0.37391637682288326,
    0.06492108767799198,
    0.2130226347794636,
    0.331931261949278,
    0.4258379981713738,
    0.22918842827433827,
    0.10997527709311428,
    0.1827422637065358,
    0.268365667463798,
    0.4897978812598055,
    0.41368642380986154,
    0.7948499942588443,
    0.43897289265897466,
    0.024979407597716663,
    0.5807830113054953,
    0.4477951307953373,
    0.8249495974722766,
    0.21442592466843147,
    0.8176464023426527,
    0.026823524271954557,
    0.22982606739392186,
    0.028268419164359515,
    0.724373209585101,
    0.39049161558102086,
    0.29708466014963497,
    0.9954583543028135,
    0.40525840827756865,
    0.8424570568674323,
    0.6374143435267542,
    0.5380931630608361,
    0.9620740914545044,
    0.9510044402757434,
    0.03891202461676324,
    0.3405542248670108,
    0.3644702746342925,
    0.7838555499202852,
    0.6535654716146989,
    0.8297237459158501,
    0.11594214696885519,
    0.9797266275164119,
    0.29930216693660383,
    0.5025520463791218,
    0.7703572370888752,
    0.12060021350322969,
    0.9556214854078574,
    0.5443679751930313,
    0.11973522625461663,
    0.5703586483379052,
    0.3085272552587882,
    0.022224155076946084,
    0.5090394309811743,
    0.18091780458852602,
    0.5354270827152572,
    0.16975267691285112,
    0.33569240059180594,
    0.49166808429960474,
    0.02869193448975471,
    0.30865546566265,
    0.5113168998029404,
    0.01946096736419589,
    0.37354069220286135,
    0.5565455173870058,
    0.009995645537742459,
    0.3611634486035973,
    0.10903926428468669,
    0.2245282153684348,
    0.6909168332290154,
    0.5067259003274562,
    0.6953119771894938,
    0.3806548566540917,
    0.0730060435441876,
    0.14301907628850563,
    0.210661636646992,
    0.16760043650125,
    0.055132080904357506,
    0.6340245824562327,
    0.8608597063828569,
    0.9904194437598394,
    0.875552794616738,
    0.20260164275822268,
    0.7504170289590666,
    0.6995117891103207,
    0.9227102643870412,
    0.0654739079948169,
    0.584930770558715,
    0.7480482502370428,
    0.7854723910787631,
    0.4459627793448081,
    0.07783647855961251,
    0.6022769529618652,
    0.2324198474050011,
    0.3866356068103578,
    0.701462396789782,
    0.02462128920637252,
    0.9635733339599079,
    0.8579993379340343,
    0.030230051011025827,
    0.9113821702310503,
    0.5343010028419463,
    0.6844871571402447,
    0.9095401864585076,
    0.6909553472015707,
    0.024210465387290325,
    0.9227060985591804,
    0.44368829663524634,
    0.7650205320805703,
    0.6991471529391222,
    0.45714689996539126,
    0.7308168492893887,
    0.2918144537696308,
    0.03384074675373372,
    0.18362211303960063,
    0.7214690629931669,
    0.8402281722619532,
    0.2877074695652224,
    0.0912764376071119,
    0.5443615039574269,
    0.9085520058725726,
    0.12460365316052813,
    0.5268208753842553,
    0.32393717226059726,
    0.023271802771057892,
    0.5934066051564671,
    0.43842152903310583,
    0.42360436576807936,
    0.3486998679506177,
    0.5296783727979435,
    0.5350167194072794,
    0.2461164744611325,
    0.1722870587275115,
    0.6128949955005427,
    0.1140927992562698,
    0.5335875416160734,
    0.8778933512868293,
    0.5020381934856516,
    0.5343572082398397,
    0.17610737648688501,
    0.6105110658669022,
    0.8436315545236682,
    0.7834761619568633,
    0.03683460099361502,
    0.3787723927611484,
    0.10530847944407218,
    0.5909682510945553,
    0.5278047163642228,
    0.037145977909264216,
    0.5288493636695545,
    0.6667482732284098,
    0.28417826742655616,
    0.9529014537557435,
    0.8682392834442211,
    0.9526851297618397,
    0.9225307473507729,
    0.6981257475257666,
    0.2081241144645687,
    0.4306580147896476,
    0.26198707164765866,
    0.7393961136281622,
    0.037104684043530844,
    0.8975702134621777,
    0.6885345328950205,
    0.8595862187361017,
    0.9720698920225413,
    0.13371448211314907,
    0.8056814730697884,
    0.15741198285892744,
    0.5506888385200602,
    0.26513492891632084,
    0.551477698556137,
    0.5364196353964833,
    0.23275220864462665,
    0.904261138706495,
    0.572934020258357,
    0.44415048676801505,
    0.6192976309316001,
    0.539499192005342,
    0.6437236531874553,
    0.38067108452533294,
    0.0383808655683362,
    0.7401801389500482,
    0.11593616900046,
    0.5098089718673868,
    0.07740453557379245,
    0.6736613246972083,
    0.39123501963264984,
    0.20708984694848354,
    0.320479190879002,
    0.9723237506200806,
    0.30677211660071746,
    0.20915087308158387,
    0.724496056183945,
    0.5756275118100562,
    0.8527819310708201,
    0.6489230063788793,
    0.8667988089949455,
    0.3046198069594527,
    0.6256882621818249,
    0.26741870883078644,
    0.790373865269885,
    0.6629689213746409,
    0.19213058145250372,
    0.15007334118355597,
    0.031570976912334237,
    0.7467450320212722,
    0.10973473395236732,
    0.09465918802904494,
    0.1788301990087965,
    0.27007050448041203,
    0.9173632842903937,
    0.9870172535386265,
    0.261826627119055,
    0.5809371063077647,
    0.9562370941479847,
    0.1171119821301293,
    0.6815908368616796,
    0.4615591398667447,
    0.3204184471629731,
    0.18050152261130037,
    0.2754317694416599,
    0.15840254428672085,
    0.8813334684956909,
    0.5288592796407691,
    0.21200596149113493,
    0.5439511735057073,
    0.21011114406607478,
    0.08055402526292799,
    0.2884749421817403,
    0.2901876257743409,
    0.590270326967633,
    0.6227700943164404,
    0.685743417693763,
    0.4060052775554298,
    0.9512444381558975,
    0.8774406751621718,
    0.7385109819296197,
    0.8499453586032157,
    0.44486941190966256,
    0.5351182487486628,
    0.7178009628873706,
