{
  "sample_size": 100,
  "seed": 314159,
  "values": [
    0.19236379321481523,
    0.2868424512347926,
    0.11815528251671126,
    0.3062919199970693,
    0.30934369945221707,
    0.18444279707476485,
    0.568986398081002,
    0.7356997954444913,
    0.20543327557559332,
    0.5099949135665214,
    0.15490505982693947,
    0.9753784820549745,
    0.32026424261790665,
    0.5045136223451333,
    0.6687767450621024,
    0.33556632918940976,
    0.47510801502777944,
    0.9016766972749587,
    0.5501377384406899,
    0.20543066478852767,
    0.8930785665246088,
    0.2841894315820138,
    0.26309742449195406,
    0.5051200132743063,
    0.6165970208950966,
    0.7372416106747914,
    0.24986163753607216,
    0.02713086138095877,
    0.1211858740677153,
    0.660712060777882,
    0.10371386474396271,
    0.30353311961436213,
    0.23657271691907256,
    0.9724257674907156,
    0.1128166775544146,
    0.7357633488719908,
    0.9619715715356563,
    0.8969118110565697,
    0.16970261821214006,
    0.5445132620386601,
    0.4275449219262226,
    0.9907068554094385,
    0.9517304553330349,
    0.306093752537795,
    0.8152735957996344,
    0.11995139405945265,
    0.4077943049003643,
    0.5152365388049516,
    0.8470583345042066,
    0.3459135186135802,
    0.4233128665463337,
    0.5823811241777097,
    0.9559717693854484,
    0.7179596878813613,
    0.9328016360825704,
    0.7757043561464803,
    0.5351197181817751,
    0.24680455499395215,
    0.8635991820417473,
    0.9621784678834256,
    0.9560898321289135,
    0.8598206567228859,
    0.3231080914456328,
    0.4124378912152892,
    0.35247488968881324,
    0.010062543934286405,
    0.3789025852678958,
    0.553364792656642,
    0.05220495528024405,
    0.8620312489715641,
    0.6988984252275491,
    0.6492910415042664,
    0.7736206852287847,
    0.041385439654535006,
    0.5900840891432098,
    0.12130927921942858,
    0.1542717224184974,
    0.8273165247605395,
    0.19390809651575047,
    0.8475131392726232,
    0.2619509176275837,
    0.8952254158015218,
    0.6832890183059428,
    0.2624406477085641,
    0.70565890251684,
    0.9171753534254438,
    0.9681543139903005,
    0.49652942421339796,
    0.18481855908150457,
    0.5814397825555105,
    0.9385397098293133,
    0.29841788606358643,
    0.9841916289382993,
    0.7543732083179134,
    0.5565459958844591,
    0.6118465999685013,
    0.6895271191490742,
    0.3809130448188589,
    0.3039771512744778,
    0.9587858304896953
  ]
}
