pick_id,station_id,phase,arrival_time_s,weight,status,amplitude
E01,STA04,P,703.338324,1.4,use,155.84
E02,STA04,S,705.785687,0.6,use,155.16
E03,STA08,P,706.545121,0.7,use,109.2
E04,STA08,S,711.185335,0.7,use,117.47
E05,STA12,P,701.3819,0.6,use,72.07
E06,STA12,S,702.445442,1.1,use,72.18
E07,STA09,P,708.933063,1.1,use,181.15
E08,STA09,S,715.465556,1.0,use,146.87
